tld,status,type,owner
aaa,NA,brand,"American Automobile Association, Inc."
aarp,NA,brand,AARP
abb,NA,brand,ABB Ltd
abbott,NA,brand,"Abbott Laboratories, Inc."
abbvie,GA,brand,AbbVie Inc.
abc,NA,brand,"Disney Enterprises, Inc."
able,NA,brand,Able Inc.
abogado,GA,restricted,"Registry Services, LLC"
abudhabi,GA,restricted,Abu Dhabi Systems and Information Centre
academy,GA,unrestricted,Donuts
accenture,NA,brand,Accenture plc
accountant,GA,unrestricted,Global Registry Services Limited (Domain Venture Partners)
accountants,GA,unrestricted,Donuts
aco,NA,brand,ACO Severin Ahlmann GmbH & Co. KG
actor,GA,unrestricted,Donuts
ads,NA,unrestricted,Google
adult,GA,unrestricted,ICM Registry LLC (Minds + Machines Group Limited)
aeg,NA,brand,Aktiebolaget Electrolux
aetna,NA,brand,Aetna Life Insurance Company
afl,NA,brand,Australian Football League
africa,GA,unrestricted,ZA Central Registry NPC trading as Registry.Africa
agakhan,NA,brand,Fondation Aga Khan
agency,GA,unrestricted,Donuts
aig,NA,brand,"American International Group, Inc."
airbus,NA,brand,Airbus S.A.S.
airforce,GA,semi-restricted,Donuts
airtel,NA,brand,Bharti Airtel Limited
akdn,NA,brand,Fondation Aga Khan
alibaba,NA,brand,Alibaba Group Holding Ltd. (Alibaba Group Holding Ltd.)
alipay,NA,brand,Alibaba Group Holding Ltd. (Alibaba Group Holding Ltd.)
allfinanz,NA,brand,Allfinanz Deutsche Vermögensberatung Aktiengesellschaft (Deutsche Vermögensberatung AG)
allstate,NA,brand,Allstate Fire and Casualty Insurance Company
ally,NA,brand,Ally Financial Inc.
alsace,GA,semi-restricted,REGION GRAND EST
alstom,NA,brand,ALSTOM
amazon,NA,brand,Amazon
americanexpress,NA,brand,"American Express Travel Related Services Company, Inc."
americanfamily,NA,brand,"AmFam, Inc."
amex,NA,brand,"American Express Travel Related Services Company, Inc."
amfam,NA,brand,"AmFam, Inc."
amica,NA,brand,Amica Mutual Insurance Company
amsterdam,GA,unrestricted,Gemeente Amsterdam
analytics,NA,brand,Campus IP LLC
android,NA,brand,Google
anquan,NA,brand,QIHOO 360 Technology Co. Ltd.
anz,NA,brand,Australia and New Zealand Banking Group Ltd.
aol,NA,brand,OATH Inc.
apartments,GA,unrestricted,Donuts
app,GA,unrestricted,Google
apple,NA,brand,Apple Inc.
aquarelle,NA,brand,Aquarelle.com
arab,NA,restricted,League of Arab States
aramco,NA,brand,Aramco Services Company
archi,GA,semi-restricted,Donuts
army,GA,semi-restricted,Donuts
art,GA,unrestricted,UK Creative Ideas Limited
arte,NA,brand,Association Relative à la Télévision Européenne G.E.I.E.
asda,NA,brand,"Wal-Mart Stores, Inc."
associates,GA,unrestricted,Donuts
athleta,NA,brand,"The Gap, Inc."
attorney,GA,semi-restricted,Donuts
auction,GA,unrestricted,Donuts
audi,NA,brand,AUDI Aktiengesellschaft
audible,NA,brand,Amazon
audio,GA,unrestricted,XYZ.COM LLC
auspost,NA,brand,Australian Postal Corporation
author,NA,unrestricted,Amazon
auto,GA,unrestricted,XYZ.COM LLC
autos,GA,restricted,XYZ.COM LLC
avianca,NA,brand,Aerovias del Continente Americano S.A. Avianca
aws,NA,brand,Amazon
axa,NA,brand,AXA SA
azure,NA,brand,Microsoft Corporation
baby,GA,restricted,XYZ.COM LLC
baidu,NA,brand,"Baidu, Inc."
banamex,NA,brand,Citigroup Inc.
band,GA,unrestricted,Donuts
bank,GA,restricted,fTLD Registry Services LLC
bar,GA,unrestricted,Punto 2012 Sociedad Anonima Promotora de Inversion de Capital Variable
barcelona,GA,semi-restricted,Municipi de Barcelona
barclaycard,NA,brand,Barclays Bank PLC
barclays,NA,brand,Barclays Bank PLC
barefoot,NA,brand,"Gallo Vineyards, Inc."
bargains,GA,unrestricted,Donuts
baseball,NA,brand,"MLB Advanced Media DH, LLC"
basketball,GA,unrestricted,Fédération Internationale de Basketball (FIBA)
bauhaus,NA,brand,Werkhaus GmbH
bayern,GA,semi-restricted,Bayern Connect GmbH (Minds + Machines Group Limited)
bbc,NA,brand,British Broadcasting Corporation
bbt,NA,brand,BB&T Corporation
bbva,NA,brand,"BANCO BILBAO VIZCAYA ARGENTARIA, S.A."
bcg,NA,brand,"The Boston Consulting Group, Inc."
bcn,NA,brand,Municipi de Barcelona
beats,NA,brand,"Beats Electronics, LLC"
beauty,GA,brand,XYZ.COM LLC
beer,GA,unrestricted,"Registry Services, LLC"
bentley,GA,brand,Bentley Motors Limited
berlin,GA,semi-restricted,dotBERLIN GmbH & Co. KG
best,GA,unrestricted,BestTLD Pty Ltd
bestbuy,NA,brand,"BBY Solutions, Inc."
bet,GA,unrestricted,Donuts
bharti,NA,brand,Bharti Enterprises (Holding) Private Ltd.
bible,GA,unrestricted,American Bible Society
bid,GA,unrestricted,Global Registry Services Limited (Domain Venture Partners)
bike,GA,unrestricted,Donuts
bing,NA,brand,Microsoft Corporation
bingo,GA,unrestricted,Donuts
bio,GA,semi-restricted,Donuts
black,GA,unrestricted,Donuts
blackfriday,GA,unrestricted,"Registry Services, LLC"
blockbuster,NA,brand,Dish DBS Corporation
blog,GA,unrestricted,"Knock Knock WHOIS There, LLC"
bloomberg,NA,brand,Bloomberg IP Holdings LLC
blue,GA,unrestricted,Donuts
bms,NA,brand,Bristol-Myers Squibb Company
bmw,NA,brand,Bayerische Motoren Werke Aktiengesellschaft
bnpparibas,NA,brand,BNP Paribas
boats,GA,restricted,XYZ.COM LLC
boehringer,NA,brand,Boehringer Ingelheim International GmbH
bofa,NA,brand,Bank of America Corporation
bom,NA,unrestricted,Núcleo de Informação e Coordenação do Ponto BR
bond,GA,unrestricted,Shortdot SA
boo,GA,unrestricted,Google
book,NA,unrestricted,Amazon
booking,NA,brand,Booking.com B.V.
bosch,NA,brand,Robert Bosch GMBH
bostik,NA,brand,Bostik SA
boston,GA,unrestricted,"Registry Services, LLC"
bot,GA,unrestricted,Amazon
boutique,GA,unrestricted,Donuts
box,NA,unrestricted,Intercap Registry Inc.
bradesco,NA,brand,Banco Bradesco S.A.
bridgestone,NA,brand,Bridgestone Corporation
broadway,GA,restricted,"Celebrate Broadway, Inc."
broker,GA,semi-restricted,Donuts
brother,NA,brand,"Brother Industries, Ltd."
brussels,GA,unrestricted,DNS.be vzw
build,GA,unrestricted,Plan Bee LLC
builders,GA,unrestricted,Donuts
business,GA,unrestricted,Donuts
buy,NA,unrestricted,Amazon
buzz,GA,unrestricted,DOTSTRATEGY CO.
bzh,GA,semi-restricted,Association www.bzh
cab,GA,unrestricted,Donuts
cafe,GA,unrestricted,Donuts
cal,NA,brand,Google
call,NA,unrestricted,Amazon
calvinklein,NA,brand,PVH gTLD Holdings LLC
cam,GA,unrestricted,CAM Connecting SARL
camera,GA,unrestricted,Donuts
camp,GA,unrestricted,Donuts
canon,NA,brand,Canon Inc.
capetown,GA,unrestricted,ZA Central Registry NPC trading as ZA Central Registry
capital,GA,unrestricted,Donuts
capitalone,NA,brand,Capital One Financial Corporation
car,GA,unrestricted,XYZ.COM LLC
caravan,NA,brand,"Caravan International, Inc."
cards,GA,unrestricted,Donuts
care,GA,unrestricted,Donuts
career,GA,unrestricted,dotCareer LLC
careers,GA,unrestricted,Donuts
cars,GA,unrestricted,XYZ.COM LLC
casa,GA,unrestricted,"Registry Services, LLC"
case,GA,brand,CNH Industrial N.V.
cash,GA,unrestricted,Donuts
casino,GA,unrestricted,Donuts
catering,GA,unrestricted,Donuts
catholic,NA,brand,Pontificium Consilium de Comunicationibus Socialibus
cba,NA,brand,COMMONWEALTH BANK OF AUSTRALIA
cbn,NA,brand,"The Christian Broadcasting Network, Inc."
cbre,NA,brand,"CBRE, Inc."
cbs,NA,brand,CBS Domains Inc.
center,GA,unrestricted,Donuts
ceo,GA,unrestricted,CEOTLD Pty Ltd (PeopleBrowsr Inc.)
cern,NA,brand,"European Organization for Nuclear Research (""CERN"")"
cfa,NA,brand,CFA Institute
cfd,GA,restricted,Shortdot SA
chanel,NA,brand,Chanel International B.V.
channel,GA,brand,Google
charity,GA,unrestricted,Public Interest Registry (PIR)
chase,NA,brand,JPMorgan Chase & Co.
chat,GA,unrestricted,Donuts
cheap,GA,unrestricted,Donuts
chintai,NA,brand,CHINTAI Corporation
christmas,GA,unrestricted,XYZ.COM LLC
chrome,NA,brand,Google
church,GA,unrestricted,Donuts
cipriani,NA,brand,Hotel Cipriani Srl
circle,NA,brand,Amazon
cisco,NA,brand,"Cisco Technology, Inc."
citadel,NA,brand,Citadel Domain LLC
citi,NA,brand,Citigroup Inc.
citic,NA,brand,CITIC Group Corporation
city,GA,unrestricted,Donuts
claims,GA,unrestricted,Donuts
cleaning,GA,unrestricted,Donuts
click,GA,unrestricted,Internet Naming Co.
clinic,GA,unrestricted,Donuts
clinique,NA,brand,The Estée Lauder Companies Inc.
clothing,GA,unrestricted,Donuts
cloud,GA,unrestricted,ARUBA PEC S.p.A.
club,GA,unrestricted,"Registry Services, LLC"
clubmed,NA,brand,Club Méditerranée S.A.
coach,GA,unrestricted,Donuts
codes,GA,unrestricted,Donuts
coffee,GA,unrestricted,Donuts
college,GA,unrestricted,XYZ.COM LLC
cologne,GA,unrestricted,dotKoeln GmbH
comcast,NA,brand,"Comcast IP Holdings I, LLC"
commbank,NA,brand,COMMONWEALTH BANK OF AUSTRALIA
community,GA,unrestricted,Donuts
company,GA,unrestricted,Donuts
compare,GA,brand,"Registry Services, LLC"
computer,GA,unrestricted,Donuts
comsec,NA,restricted,"VeriSign, Inc."
condos,GA,unrestricted,Donuts
construction,GA,unrestricted,Donuts
consulting,GA,unrestricted,Donuts
contact,GA,unrestricted,Donuts
contractors,GA,unrestricted,Donuts
cooking,GA,unrestricted,"Registry Services, LLC"
cool,GA,unrestricted,Donuts
corsica,GA,semi-restricted,Collectivité de Corse
country,GA,unrestricted,Internet Naming Co.
coupon,NA,unrestricted,Amazon
coupons,GA,unrestricted,Donuts
courses,GA,unrestricted,"Registry Services, LLC"
cpa,GA,restricted,American Institute of Certified Public Accountants
credit,GA,unrestricted,Donuts
creditcard,GA,unrestricted,Donuts
creditunion,GA,restricted,DotCooperation LLC
cricket,GA,unrestricted,Global Registry Services Limited (Domain Venture Partners)
crown,NA,brand,Crown Equipment Corporation
crs,NA,brand,Federated Co-operatives Limited
cruise,NA,brand,Viking River Cruises (Bermuda) Ltd.
cruises,GA,unrestricted,Donuts
cuisinella,NA,brand,SCHMIDT GROUPE S.A.S.
cymru,GA,unrestricted,Nominet UK
cyou,GA,unrestricted,Shortdot SA
dabur,NA,brand,Dabur India Limited
dad,GA,unrestricted,Google
dance,GA,unrestricted,Donuts
data,NA,brand,Dish DBS Corporation
date,GA,unrestricted,Global Registry Services Limited (Domain Venture Partners)
dating,GA,unrestricted,Donuts
datsun,NA,brand,"NISSAN MOTOR CO., LTD."
day,GA,unrestricted,Google
dclk,NA,brand,Google
dds,NA,restricted,"Registry Services, LLC"
deal,NA,unrestricted,Amazon
dealer,GA,brand,Intercap Registry Inc.
deals,GA,unrestricted,Donuts
degree,GA,semi-restricted,Donuts
delivery,GA,unrestricted,Donuts
dell,NA,brand,Dell Inc.
deloitte,NA,brand,Deloitte Touche Tohmatsu
delta,NA,brand,"Delta Air Lines, Inc."
democrat,GA,unrestricted,Donuts
dental,GA,unrestricted,Donuts
dentist,GA,semi-restricted,Donuts
desi,GA,unrestricted,Emergency Back-End Registry Operator Program - ICANN
design,GA,unrestricted,"Registry Services, LLC"
dev,GA,brand,Google
dhl,NA,brand,Deutsche Post AG
diamonds,GA,unrestricted,Donuts
diet,GA,semi-restricted,XYZ.COM LLC
digital,GA,unrestricted,Donuts
direct,GA,unrestricted,Donuts
directory,GA,unrestricted,Donuts
discount,GA,unrestricted,Donuts
discover,NA,brand,Discover Financial Services
dish,NA,brand,Dish DBS Corporation
diy,SR,brand,"Lifestyle Domain Holdings, Inc."
dnp,NA,brand,"Dai Nippon Printing Co., Ltd."
docs,NA,unrestricted,Google
doctor,GA,unrestricted,Donuts
dog,GA,unrestricted,Donuts
domains,GA,unrestricted,Donuts
dot,NA,brand,Dish DBS Corporation
download,GA,unrestricted,Global Registry Services Limited (Domain Venture Partners)
drive,NA,brand,Google
dtv,NA,brand,Dish DBS Corporation
dubai,NA,semi-restricted,Dubai Smart Government Department
dunlop,NA,brand,The Goodyear Tire & Rubber Company
dupont,NA,brand,E. I. du Pont de Nemours and Company
durban,GA,unrestricted,ZA Central Registry NPC trading as ZA Central Registry
dvag,NA,brand,Deutsche Vermögensberatung Aktiengesellschaft DVAG (Deutsche Vermögensberatung AG)
dvr,NA,brand,Hughes Satellite Systems Corporation
earth,GA,unrestricted,"Interlink Co., Ltd."
eat,NA,unrestricted,Google
eco,GA,restricted,Big Room Inc.
edeka,NA,brand,EDEKA Verband kaufmännischer Genossenschaften e.V.
education,GA,unrestricted,Donuts
email,GA,unrestricted,Donuts
emerck,NA,brand,Merck KGaA
energy,GA,unrestricted,Donuts
engineer,GA,semi-restricted,Donuts
engineering,GA,unrestricted,Donuts
enterprises,GA,unrestricted,Donuts
epson,NA,brand,Seiko Epson Corporation
equipment,GA,unrestricted,Donuts
ericsson,NA,brand,Telefonaktiebolaget L M Ericsson
erni,NA,brand,ERNI Group Holding AG
esq,GA,restricted,Google
estate,GA,unrestricted,Donuts
eurovision,NA,brand,European Broadcasting Union (EBU)
eus,GA,semi-restricted,Puntueus Fundazioa
events,GA,unrestricted,Donuts
exchange,GA,unrestricted,Donuts
expert,GA,unrestricted,Donuts
exposed,GA,unrestricted,Donuts
express,GA,unrestricted,Donuts
extraspace,NA,brand,Extra Space Storage LLC
fage,NA,brand,Fage International S.A.
fail,GA,unrestricted,Donuts
fairwinds,NA,brand,"FairWinds Partners, LLC"
faith,GA,unrestricted,Global Registry Services Limited (Domain Venture Partners)
family,GA,unrestricted,Donuts
fan,GA,unrestricted,Donuts
fans,GA,unrestricted,ZDNS International Limited
farm,GA,unrestricted,Donuts
farmers,NA,brand,Farmers Insurance Exchange
fashion,GA,unrestricted,"Registry Services, LLC"
fast,NA,unrestricted,Amazon
fedex,NA,brand,Federal Express Corporation
feedback,GA,semi-restricted,"Top Level Spectrum, Inc."
ferrari,NA,brand,Fiat Chrysler Automobiles N.V.
ferrero,NA,brand,Ferrero Trading Lux S.A.
fidelity,NA,brand,Fidelity Brokerage Services LLC
fido,NA,brand,Rogers Communications Canada Inc.
film,GA,restricted,Motion Picture Domain Registry Pty Ltd
final,NA,unrestricted,Núcleo de Informação e Coordenação do Ponto BR
finance,GA,unrestricted,Donuts
financial,GA,unrestricted,Donuts
fire,NA,brand,Amazon
firestone,NA,brand,"Bridgestone Licensing Services, Inc."
firmdale,NA,brand,Firmdale Holdings Limited
fish,GA,unrestricted,Donuts
fishing,GA,unrestricted,"Registry Services, LLC"
fit,GA,unrestricted,"Registry Services, LLC"
fitness,GA,unrestricted,Donuts
flickr,NA,brand,"Flickr, Inc."
flights,GA,unrestricted,Donuts
flir,NA,brand,"FLIR Systems, Inc."
florist,GA,unrestricted,Donuts
flowers,GA,unrestricted,XYZ.COM LLC
fly,NA,restricted,Google
foo,GA,unrestricted,Google
food,SR,brand,"Lifestyle Domain Holdings, Inc."
football,GA,unrestricted,Donuts
ford,NA,brand,Ford Motor Company
forex,GA,semi-restricted,Donuts
forsale,GA,unrestricted,Donuts
forum,GA,unrestricted,"Fegistry, LLC"
foundation,GA,unrestricted,Public Interest Registry (PIR)
fox,NA,brand,"FOX Registry, LLC"
free,NA,unrestricted,Amazon
fresenius,NA,brand,Fresenius Immobilien-Verwaltungs-GmbH
frl,GA,unrestricted,FRLregistry B.V.
frogans,NA,unrestricted,OP3FT
frontier,NA,brand,Frontier Communications Corporation
ftr,NA,brand,Frontier Communications Corporation
fujitsu,NA,brand,Fujitsu Ltd.
fun,GA,unrestricted,Radix FZC
fund,GA,unrestricted,Donuts
furniture,GA,unrestricted,Donuts
futbol,GA,unrestricted,Donuts
fyi,GA,unrestricted,Donuts
gal,GA,semi-restricted,Asociación puntoGAL
gallery,GA,unrestricted,Donuts
gallo,NA,brand,"Gallo Vineyards, Inc."
gallup,NA,brand,"Gallup, Inc."
game,GA,unrestricted,XYZ.COM LLC
games,GA,unrestricted,Donuts
gap,NA,brand,"The Gap, Inc."
garden,GA,unrestricted,"Registry Services, LLC"
gay,GA,unrestricted,"Top Level Design, LLC"
gbiz,NA,brand,Google
gdn,GA,unrestricted,"Joint Stock Company ""Navigation-information systems"""
gea,NA,brand,GEA Group Aktiengesellschaft
gent,GA,unrestricted,Combell nv
genting,NA,brand,Resorts World Inc Pte. Ltd.
george,NA,brand,"Wal-Mart Stores, Inc."
ggee,NA,brand,"GMO Registry, Inc."
gift,GA,unrestricted,"DotGift, LLC"
gifts,GA,unrestricted,Donuts
gives,GA,semi-restricted,Public Interest Registry (PIR)
giving,GA,brand,Public Interest Registry (PIR)
glass,GA,unrestricted,Donuts
gle,NA,brand,Google
global,GA,unrestricted,Dot Global Domain Registry Limited
globo,NA,brand,Globo Comunicação e Participações S.A
gmail,NA,brand,Google
gmbh,GA,semi-restricted,Donuts
gmo,NA,brand,"GMO Registry, Inc."
gmx,NA,brand,11 Mail Media GmbH
godaddy,NA,brand,"Go Daddy East, LLC"
gold,GA,unrestricted,Donuts
goldpoint,NA,brand,"YODOBASHI CAMERA CO.,LTD."
golf,GA,unrestricted,Donuts
goo,NA,brand,NTT Resonant Inc.
goodyear,NA,brand,The Goodyear Tire & Rubber Company
goog,NA,brand,Google
google,NA,brand,Google
gop,GA,unrestricted,"Republican State Leadership Committee, Inc."
got,NA,unrestricted,Amazon
grainger,NA,brand,"Grainger Registry Services, LLC"
graphics,GA,unrestricted,Donuts
gratis,GA,unrestricted,Donuts
green,GA,unrestricted,Donuts
gripe,GA,unrestricted,Donuts
grocery,NA,brand,"Wal-Mart Stores, Inc."
group,GA,unrestricted,Donuts
guardian,NA,brand,The Guardian Life Insurance Company of America
gucci,NA,brand,Guccio Gucci S.p.a.
guge,NA,brand,Google
guide,GA,unrestricted,Donuts
guitars,GA,unrestricted,XYZ.COM LLC
guru,GA,unrestricted,Donuts
hair,GA,brand,XYZ.COM LLC
hamburg,GA,semi-restricted,Hamburg Top-Level-Domain GmbH
hangout,NA,brand,Google
haus,GA,unrestricted,Donuts
hbo,NA,brand,"HBO Registry Services, Inc."
hdfc,NA,brand,Housing Development Finance Corp. Ltd.
hdfcbank,NA,brand,HDFC Bank Limited
health,GA,restricted,"Registry Services, LLC"
healthcare,GA,unrestricted,Donuts
help,GA,unrestricted,UNR Corp.
helsinki,NA,brand,City of Helsinki
here,NA,unrestricted,Google
hermes,NA,brand,HERMES INTERNATIONAL
hiphop,GA,semi-restricted,"Dot Hip Hop, LLC"
hisamitsu,NA,brand,"Hisamitsu Pharmaceutical Co.,Inc."
hitachi,NA,brand,"Hitachi, Ltd."
hiv,GA,unrestricted,Internet Naming Co.
hkt,NA,brand,PCCW-HKT DataCom Services Limited
hockey,GA,unrestricted,Donuts
holdings,GA,unrestricted,Donuts
holiday,GA,unrestricted,Donuts
homedepot,NA,brand,"Home Depot Product Authority, LLC"
homegoods,NA,brand,"The TJX Companies, Inc."
homes,GA,restricted,XYZ.COM LLC
homesense,NA,brand,"The TJX Companies, Inc."
honda,NA,brand,"Honda Motor Co., Ltd."
horse,GA,unrestricted,"Registry Services, LLC"
hospital,GA,unrestricted,Donuts
host,GA,unrestricted,Radix FZC
hosting,GA,unrestricted,XYZ.COM LLC
hot,NA,brand,Amazon
hotels,NA,brand,Booking.com B.V.
hotmail,NA,brand,Microsoft Corporation
house,GA,unrestricted,Donuts
how,GA,unrestricted,Google
hsbc,NA,brand,HSBC Holdings PLC
hughes,NA,brand,Hughes Satellite Systems Corporation
hyatt,NA,brand,"Hyatt GTLD, L.L.C."
hyundai,NA,brand,Hyundai Motor Company
ibm,NA,brand,International Business Machines Corporation
icbc,NA,brand,Industrial and Commercial Bank of China Limited
ice,NA,brand,"IntercontinentalExchange, Inc."
icu,GA,unrestricted,Shortdot SA
ieee,GA,brand,IEEE Global LLC
ifm,NA,brand,IFM Electronic GmbH
ikano,NA,brand,Ikano S.A.
imamat,NA,brand,Fondation Aga Khan
imdb,NA,brand,Amazon
immo,GA,unrestricted,Donuts
immobilien,GA,unrestricted,Donuts
inc,GA,unrestricted,Intercap Registry Inc.
industries,GA,unrestricted,Donuts
infiniti,NA,brand,"NISSAN MOTOR CO., LTD."
ing,GA,unrestricted,Google
ink,GA,unrestricted,"Top Level Design, LLC"
institute,GA,unrestricted,Donuts
insurance,GA,restricted,fTLD Registry Services LLC
insure,GA,unrestricted,Donuts
international,GA,unrestricted,Donuts
intuit,NA,brand,"Intuit Administrative Services, Inc."
investments,GA,unrestricted,Donuts
ipiranga,NA,brand,Ipiranga Produtos de Petroleo S.A.
irish,GA,unrestricted,Donuts
ismaili,NA,brand,Fondation Aga Khan
ist,GA,unrestricted,Istanbul Dijital Medya Tic. A.S.
istanbul,GA,unrestricted,Istanbul Dijital Medya Tic. A.S.
itau,NA,brand,Itau Unibanco Holding S.A.
itv,NA,brand,ITV Services Ltd.
jaguar,NA,brand,Jaguar Land Rover Ltd
java,NA,brand,Oracle Corporation
jcb,NA,brand,"JCB Co., Ltd."
jeep,NA,brand,FCA US LLC.
jetzt,GA,unrestricted,Donuts
jewelry,GA,unrestricted,Donuts
jio,NA,brand,"Affinity Names, Inc."
jll,NA,brand,Jones Lang LaSalle Incorporated
jmp,NA,brand,Matrix IP LLC
jnj,NA,brand,"Johnson & Johnson Services, Inc."
joburg,GA,unrestricted,ZA Central Registry NPC trading as ZA Central Registry
jot,NA,brand,Amazon
joy,NA,unrestricted,Amazon
jpmorgan,NA,brand,JPMorgan Chase & Co.
jprs,NA,brand,"Japan Registry Services Co., Ltd."
juegos,GA,semi-restricted,UNR Corp.
juniper,NA,brand,"JUNIPER NETWORKS, INC."
kaufen,GA,unrestricted,Donuts
kddi,NA,brand,KDDI Corp.
kerryhotels,NA,brand,Kerry Trading Co. Limited
kerrylogistics,NA,brand,Kerry Trading Co. Limited
kerryproperties,NA,brand,Kerry Trading Co. Limited
kfh,NA,brand,Kuwait Finance House
kia,NA,brand,KIA Motors Corp.
kids,GA,unrestricted,DotKids Foundation Limited
kim,GA,unrestricted,Donuts
kindle,NA,brand,Amazon
kitchen,GA,unrestricted,Donuts
kiwi,GA,unrestricted,DOT KIWI Ltd.
koeln,GA,unrestricted,dotKoeln GmbH
komatsu,NA,brand,Komatsu Ltd.
kosher,NA,brand,Kosher Marketing Assets LLC
kpmg,GA,brand,KPMG International
kpn,NA,brand,Koninklijke KPN N.V.
krd,GA,semi-restricted,KRG Department of Information Technology
kred,NA,brand,KredTLD Pty Ltd (PeopleBrowsr Inc.)
kuokgroup,NA,brand,Kerry Trading Co. Limited
kyoto,GA,semi-restricted,Academic Institution: Kyoto Jyoho Gakuen
lacaixa,NA,brand,CAIXA D'ESTALVIS I PENSIONS DE BARCELONA
lamborghini,NA,brand,Automobili Lamborghini S.p.A.
lamer,NA,brand,The Estée Lauder Companies Inc.
lancaster,NA,brand,LANCASTER
land,GA,unrestricted,Donuts
landrover,NA,brand,Jaguar Land Rover Ltd
lanxess,NA,brand,LANXESS Corporation
lasalle,NA,brand,Jones Lang LaSalle Incorporated
lat,GA,unrestricted,XYZ.COM LLC
latino,NA,semi-restricted,Dish DBS Corporation
latrobe,NA,brand,La Trobe University
law,GA,restricted,"Registry Services, LLC"
lawyer,GA,semi-restricted,Donuts
lds,NA,brand,"IRI Domain Management, LLC"
lease,GA,unrestricted,Donuts
leclerc,NA,brand,A.C.D. LEC Association des Centres Distributeurs Edouard Leclerc
lefrak,NA,brand,"LeFrak Organization, Inc."
legal,GA,unrestricted,Donuts
lego,NA,brand,LEGO Juris A/S
lexus,NA,brand,TOYOTA MOTOR CORPORATION
lgbt,GA,unrestricted,Donuts
lidl,NA,brand,Schwarz Domains und Services GmbH & Co. KG
life,GA,unrestricted,Donuts
lifeinsurance,NA,brand,American Council of Life Insurers
lifestyle,SR,brand,"Lifestyle Domain Holdings, Inc."
lighting,GA,unrestricted,Donuts
like,NA,unrestricted,Amazon
lilly,NA,brand,Eli Lilly and Company
limited,GA,unrestricted,Donuts
limo,GA,unrestricted,Donuts
lincoln,NA,brand,Ford Motor Company
link,GA,unrestricted,Nova Registry Ltd.
lipsy,NA,brand,Lipsy Ltd
live,GA,unrestricted,Donuts
living,SR,brand,"Lifestyle Domain Holdings, Inc."
llc,NA,unrestricted,Donuts
llp,NA,unrestricted,Intercap Registry Inc.
loan,GA,unrestricted,Global Registry Services Limited (Domain Venture Partners)
loans,GA,unrestricted,Donuts
locker,NA,brand,Dish DBS Corporation
locus,NA,brand,Locus Analytics LLC
lol,GA,unrestricted,XYZ.COM LLC
london,GA,unrestricted,Dot London Domains Limited (Minds + Machines Group Limited)
lotte,NA,brand,"Lotte Holdings Co., Ltd."
lotto,GA,restricted,Donuts
love,GA,unrestricted,Merchant Law Group LLP
lpl,NA,brand,"LPL Holdings, Inc."
lplfinancial,NA,brand,"LPL Holdings, Inc."
ltd,GA,unrestricted,Donuts
ltda,GA,restricted,InterNetX Corp.
lundbeck,NA,brand,H. Lundbeck A/S
luxe,GA,unrestricted,"Registry Services, LLC"
luxury,GA,unrestricted,Luxury Partners LLC
madrid,GA,semi-restricted,Comunidad de Madrid
maif,NA,brand,Mutuelle Assurance Instituteur France (MAIF)
maison,GA,unrestricted,Donuts
makeup,GA,semi-restricted,XYZ.COM LLC
man,NA,brand,MAN SE
management,GA,unrestricted,Donuts
mango,NA,brand,PUNTO FA S.L.
map,NA,unrestricted,Google
market,GA,semi-restricted,Donuts
marketing,GA,unrestricted,Donuts
markets,GA,unrestricted,Donuts
marriott,NA,brand,Marriott Worldwide Corporation
marshalls,NA,brand,"The TJX Companies, Inc."
mattel,NA,brand,"Mattel Sites, Inc."
mba,GA,unrestricted,Donuts
mckinsey,NA,brand,"McKinsey Holdings, Inc."
med,NA,brand,Medistry LLC
media,GA,unrestricted,Donuts
meet,NA,unrestricted,Google
melbourne,GA,restricted,"The Crown in right of the State of Victoria, represented by its Department of State Development, Business and Innovation"
meme,GA,unrestricted,Google
memorial,GA,unrestricted,Donuts
men,GA,unrestricted,Global Registry Services Limited (Domain Venture Partners)
menu,GA,unrestricted,"Wedding TLD2, LLC"
merckmsd,NA,brand,"MSD Registry Holdings, Inc."
miami,GA,unrestricted,"Registry Services, LLC"
microsoft,NA,brand,Microsoft Corporation
mini,NA,brand,Bayerische Motoren Werke Aktiengesellschaft
mint,NA,brand,"Intuit Administrative Services, Inc."
mit,NA,brand,Massachusetts Institute of Technology
mitsubishi,NA,brand,Mitsubishi Corporation
mlb,NA,brand,"MLB Advanced Media DH, LLC"
mls,NA,restricted,The Canadian Real Estate Association
mma,NA,brand,MMA IARD
mobile,NA,brand,Dish DBS Corporation
moda,GA,unrestricted,Donuts
moe,GA,unrestricted,"Interlink Co., Ltd."
moi,GA,unrestricted,Amazon
mom,GA,unrestricted,XYZ.COM LLC
monash,NA,brand,Monash University
money,GA,unrestricted,Donuts
monster,GA,brand,XYZ.COM LLC
mormon,NA,brand,"IRI Domain Management, LLC"
mortgage,GA,semi-restricted,Donuts
moscow,GA,unrestricted,Foundation for Assistance for Internet Technologies and Infrastructure Development (FAITID)
moto,NA,brand,"Motorola Trademark Holdings, LLC"
motorcycles,GA,restricted,XYZ.COM LLC
mov,GA,unrestricted,Google
movie,GA,unrestricted,Donuts
msd,NA,brand,"MSD Registry Holdings, Inc."
mtn,NA,brand,MTN Dubai Limited
mtr,NA,brand,MTR Corporation Limited
music,NA,restricted,DotMusic Limited
nab,NA,brand,National Australia Bank Limited
nagoya,GA,unrestricted,"GMO Registry, Inc."
natura,NA,brand,NATURA COSMÉTICOS S.A.
navy,GA,semi-restricted,Donuts
nba,NA,brand,"NBA REGISTRY, LLC"
nec,NA,brand,NEC Corporation
netbank,NA,brand,COMMONWEALTH BANK OF AUSTRALIA
netflix,NA,brand,"Netflix, Inc."
network,GA,unrestricted,Donuts
neustar,NA,brand,"NeuStar, Inc."
new,GA,unrestricted,Google
news,GA,unrestricted,Donuts
next,NA,brand,Next plc
nextdirect,NA,brand,Next plc
nexus,GA,brand,Google
nfl,NA,brand,NFL Reg Ops LLC
ngo,GA,restricted,Public Interest Registry (PIR)
nhk,NA,brand,Japan Broadcasting Corporation (NHK)
nico,NA,brand,"DWANGO Co., Ltd."
nike,NA,brand,NIKE Inc.
nikon,NA,brand,NIKON CORPORATION
ninja,GA,unrestricted,Donuts
nissan,NA,brand,"NISSAN MOTOR CO., LTD."
nissay,NA,brand,Nippon Life Insurance Company
nokia,NA,brand,Nokia Corporation
norton,NA,brand,Symantec Corporation
now,NA,unrestricted,Amazon
nowruz,GA,unrestricted,Asia Green IT System Bilgisayar San. ve Tic. Ltd. Sti.
nowtv,NA,brand,Starbucks (HK) Limited
nra,NA,brand,"NRA Holdings Company, INC."
nrw,GA,semi-restricted,Minds + Machines GmbH (Minds + Machines Group Limited)
ntt,NA,brand,NIPPON Telegraph and Telephone Corp.
nyc,GA,semi-restricted,The City of New York by and through the New York City Department of Information Technology & Telecommunications
obi,NA,brand,OBI Group Holding SE & Co. KGaA
observer,GA,unrestricted,Donuts
office,NA,brand,Microsoft Corporation
okinawa,GA,unrestricted,"BRregistry, Inc."
olayan,NA,brand,Crescent Holding GmbH
olayangroup,NA,brand,Crescent Holding GmbH
ollo,NA,brand,Dish DBS Corporation
omega,NA,brand,The Swatch Group Ltd
one,GA,unrestricted,One Registry
ong,GA,restricted,Public Interest Registry (PIR)
onl,GA,unrestricted,iRegistry GmbH
online,GA,unrestricted,Radix FZC
ooo,GA,unrestricted,Infibeam Avenues Limited
open,NA,brand,"American Express Travel Related Services Company, Inc."
oracle,NA,brand,Oracle Corporation
orange,NA,brand,Orange Brand Services Limited
organic,GA,restricted,Donuts
origins,NA,brand,The Estée Lauder Companies Inc.
osaka,GA,semi-restricted,"Osaka Registry Co., Ltd."
otsuka,NA,brand,"Otsuka Holdings Co., Ltd."
ott,NA,brand,Dish DBS Corporation
ovh,GA,unrestricted,OVH SAS
page,GA,brand,Google
panasonic,NA,brand,Panasonic Corporation
paris,GA,semi-restricted,City of Paris
pars,NA,unrestricted,Asia Green IT System Bilgisayar San. ve Tic. Ltd. Sti.
partners,GA,unrestricted,Donuts
parts,GA,unrestricted,Donuts
party,GA,unrestricted,Global Registry Services Limited (Domain Venture Partners)
pay,NA,unrestricted,Amazon
pccw,NA,brand,PCCW Enterprises Limited
pet,GA,unrestricted,Donuts
pfizer,NA,brand,Pfizer Inc.
pharmacy,GA,restricted,National Association of Boards of Pharmacy
phd,GA,restricted,Google
philips,NA,brand,Koninklijke Philips N.V.
phone,NA,brand,Dish DBS Corporation
photo,GA,unrestricted,"Registry Services, LLC"
photography,GA,unrestricted,Donuts
photos,GA,unrestricted,Donuts
physio,GA,semi-restricted,PhysBiz Pty Ltd
pics,GA,unrestricted,XYZ.COM LLC
pictet,NA,brand,Pictet Europe S.A.
pictures,GA,unrestricted,Donuts
pid,NA,unrestricted,"Top Level Spectrum, Inc."
pin,NA,brand,Amazon
ping,NA,brand,"Ping Registry Provider, Inc."
pink,GA,unrestricted,Donuts
pioneer,GA,brand,Pioneer Corporation
pizza,GA,unrestricted,Donuts
place,GA,unrestricted,Donuts
play,NA,brand,Google
playstation,NA,brand,Sony Computer Entertainment Inc.
plumbing,GA,unrestricted,Donuts
plus,GA,unrestricted,Donuts
pnc,NA,brand,"PNC Domain Co., LLC"
pohl,NA,brand,Deutsche Vermögensberatung Aktiengesellschaft DVAG (Deutsche Vermögensberatung AG)
poker,GA,unrestricted,Donuts
politie,NA,brand,Politie Nederland
porn,GA,unrestricted,ICM Registry LLC (Minds + Machines Group Limited)
pramerica,NA,brand,"Prudential Financial, Inc."
praxi,NA,brand,Praxi S.p.A.
press,GA,unrestricted,Radix FZC
prime,NA,brand,Amazon
prod,NA,brand,Google
productions,GA,unrestricted,Donuts
prof,GA,unrestricted,Google
progressive,NA,brand,Progressive Casualty Insurance Company
promo,GA,unrestricted,Donuts
properties,GA,unrestricted,Donuts
property,GA,unrestricted,Internet Naming Co.
protection,GA,semi-restricted,XYZ.COM LLC
pru,NA,brand,"Prudential Financial, Inc."
prudential,NA,brand,"Prudential Financial, Inc."
pub,GA,unrestricted,Donuts
pwc,NA,brand,PricewaterhouseCoopers LLP
qpon,GA,unrestricted,"dotCOOL, Inc."
quebec,GA,semi-restricted,PointQuébec Inc
quest,GA,brand,XYZ.COM LLC
racing,GA,unrestricted,Global Registry Services Limited (Domain Venture Partners)
radio,GA,unrestricted,European Broadcasting Union (EBU)
read,NA,unrestricted,Amazon
realestate,GA,brand,dotRealEstate LLC
realtor,GA,restricted,Real Estate Domains LLC
realty,GA,unrestricted,Donuts
recipes,GA,unrestricted,Donuts
red,GA,unrestricted,Donuts
redstone,NA,brand,"Redstone Haute Couture Co., Ltd."
redumbrella,NA,brand,"Travelers TLD, LLC"
rehab,GA,semi-restricted,Donuts
reise,GA,semi-restricted,Donuts
reisen,GA,unrestricted,Donuts
reit,GA,restricted,"National Association of Real Estate Investment Trusts, Inc."
reliance,NA,brand,Reliance Industries Ltd.
ren,GA,unrestricted,ZDNS International Limited
rent,GA,unrestricted,XYZ.COM LLC
rentals,GA,unrestricted,Donuts
repair,GA,unrestricted,Donuts
report,GA,unrestricted,Donuts
republican,GA,unrestricted,Donuts
rest,GA,unrestricted,Punto 2012 Sociedad Anonima Promotora de Inversion de Capital Variable
restaurant,GA,unrestricted,Donuts
review,GA,unrestricted,Global Registry Services Limited (Domain Venture Partners)
reviews,GA,unrestricted,Donuts
rexroth,NA,brand,Robert Bosch GMBH
rich,GA,unrestricted,iRegistry GmbH
richardli,NA,brand,Pacific Century Asset Management (HK) Ltd.
ricoh,NA,brand,"Ricoh Company, Ltd."
ril,NA,brand,Reliance Industries Ltd.
rio,GA,semi-restricted,Empresa Municipal de Informática SA - IPLANRIO
rip,GA,unrestricted,Donuts
rocks,GA,unrestricted,Donuts
rodeo,GA,unrestricted,"Registry Services, LLC"
rogers,NA,brand,Rogers Communications Canada Inc.
room,NA,unrestricted,Amazon
rsvp,GA,unrestricted,Google
rugby,GA,unrestricted,World Rugby Strategic Developments Limited
ruhr,GA,semi-restricted,dotSaarland GmbH (CentralNic Group PLC)
run,GA,unrestricted,Donuts
rwe,NA,brand,RWE AG
ryukyu,GA,unrestricted,"BRregistry, Inc."
saarland,GA,unrestricted,dotSaarland GmbH (CentralNic Group PLC)
safe,NA,unrestricted,Amazon
safety,NA,restricted,"Safety Registry Services, LLC."
sakura,NA,brand,SAKURA Internet Inc.
sale,GA,unrestricted,Donuts
salon,GA,unrestricted,Donuts
samsclub,NA,brand,"Wal-Mart Stores, Inc."
samsung,NA,brand,"SAMSUNG SDS CO., LTD"
sandvik,NA,brand,Sandvik AB
sandvikcoromant,NA,brand,Sandvik AB
sanofi,NA,brand,Sanofi
sap,NA,brand,SAP AG
sarl,GA,unrestricted,Donuts
sas,NA,brand,Research IP LLC
save,NA,unrestricted,Amazon
saxo,NA,brand,Saxo Bank A/S
sbi,NA,brand,STATE BANK OF INDIA
sbs,GA,brand,Shortdot SA
scb,NA,brand,"The Siam Commercial Bank Public Company Limited (""SCB"")"
schaeffler,NA,brand,Schaeffler Technologies AG & Co. KG
schmidt,NA,brand,SCHMIDT GROUPE S.A.S.
scholarships,NA,brand,"Scholarships.com, LLC"
school,GA,unrestricted,Donuts
schule,GA,unrestricted,Donuts
schwarz,NA,brand,Schwarz Domains und Services GmbH & Co. KG
science,GA,unrestricted,Global Registry Services Limited (Domain Venture Partners)
scot,GA,semi-restricted,Dot Scot Registry Limited
search,NA,brand,Google
seat,NA,brand,"SEAT, S.A. (Sociedad Unipersonal)"
secure,NA,unrestricted,Amazon
security,GA,semi-restricted,XYZ.COM LLC
seek,NA,brand,Seek Limited
select,GA,brand,"Registry Services, LLC"
sener,NA,brand,"Sener Ingeniería y Sistemas, S.A."
services,GA,unrestricted,Donuts
seven,NA,brand,Seven West Media Ltd
sew,NA,brand,SEW-EURODRIVE GmbH & Co KG
sex,GA,unrestricted,ICM Registry LLC (Minds + Machines Group Limited)
sexy,GA,unrestricted,Internet Naming Co.
sfr,NA,brand,Societe Francaise du Radiotelephone - SFR
shangrila,NA,brand,Shangri‐La International Hotel Management Limited
sharp,NA,brand,Sharp Corporation
shaw,NA,brand,Shaw Cablesystems G.P.
shell,NA,brand,Shell Information Technology International Inc
shia,NA,unrestricted,Asia Green IT System Bilgisayar San. ve Tic. Ltd. Sti.
shiksha,GA,unrestricted,Donuts
shoes,GA,unrestricted,Donuts
shop,GA,unrestricted,"GMO Registry, Inc."
shopping,GA,unrestricted,Donuts
shouji,NA,brand,QIHOO 360 Technology Co. Ltd.
show,GA,unrestricted,Donuts
showtime,NA,brand,CBS Domains Inc.
silk,NA,unrestricted,Amazon
sina,NA,brand,Sina Corporation
singles,GA,unrestricted,Donuts
site,GA,unrestricted,Radix FZC
ski,GA,unrestricted,Donuts
skin,GA,brand,XYZ.COM LLC
sky,NA,brand,Sky International AG
skype,NA,brand,Microsoft Corporation
sling,NA,brand,Hughes Satellite Systems Corporation
smart,NA,brand,"Smart Communications, Inc."
smile,NA,unrestricted,Amazon
sncf,NA,brand,SNCF (Société Nationale des Chemins de fer Francais)
soccer,GA,unrestricted,Donuts
social,GA,unrestricted,Donuts
softbank,NA,brand,SoftBank Group Corp.
software,GA,semi-restricted,Donuts
sohu,NA,brand,Sohu.com Limited
solar,GA,unrestricted,Donuts
solutions,GA,unrestricted,Donuts
song,NA,unrestricted,Amazon
sony,NA,brand,Sony Corporation
soy,GA,unrestricted,Google
spa,NA,unknown,Asia Spa and Wellness Promotion Council Limited
space,GA,unrestricted,Radix FZC
sport,GA,semi-restricted,Global Association of International Sports Federations (GAISF)
spot,NA,brand,Amazon
srl,GA,semi-restricted,InterNetX Corp.
stada,NA,brand,STADA Arzneimittel AG
staples,NA,brand,"Staples, Inc."
star,NA,brand,Star India Private Limited
statebank,NA,brand,STATE BANK OF INDIA
statefarm,NA,brand,State Farm Mutual Automobile Insurance Company
stc,NA,brand,Saudi Telecom Company
stcgroup,NA,brand,Saudi Telecom Company
stockholm,GA,semi-restricted,Stockholms kommun
storage,GA,unrestricted,XYZ.COM LLC
store,GA,unrestricted,Radix FZC
stream,GA,unrestricted,Global Registry Services Limited (Domain Venture Partners)
studio,GA,unrestricted,Donuts
study,GA,unrestricted,"Registry Services, LLC"
style,GA,unrestricted,Donuts
sucks,GA,unrestricted,Vox Populi Registry Inc.
supplies,GA,unrestricted,Donuts
supply,GA,unrestricted,Donuts
support,GA,unrestricted,Donuts
surf,GA,unrestricted,"Registry Services, LLC"
surgery,GA,unrestricted,Donuts
suzuki,NA,brand,SUZUKI MOTOR CORPORATION
swatch,NA,brand,The Swatch Group Ltd
swiss,GA,semi-restricted,Swiss Confederation
sydney,GA,restricted,"State of New South Wales, Department of Premier and Cabinet"
systems,GA,unrestricted,Donuts
tab,NA,brand,Tabcorp Holdings Limited
taipei,GA,unrestricted,Taipei City Government
talk,NA,unrestricted,Amazon
taobao,NA,brand,Alibaba Group Holding Ltd. (Alibaba Group Holding Ltd.)
target,NA,brand,"Target Domain Holdings, LLC"
tatamotors,NA,brand,Tata Motors Ltd
tatar,GA,unrestricted,"Limited Liability Company ""Coordination Center of Regional Domain of Tatarstan Republic"""
tattoo,GA,unrestricted,"Top Level Design, LLC"
tax,GA,unrestricted,Donuts
taxi,GA,unrestricted,Donuts
tci,NA,unrestricted,Asia Green IT System Bilgisayar San. ve Tic. Ltd. Sti.
tdk,NA,brand,TDK Corporation
team,GA,unrestricted,Donuts
tech,GA,unrestricted,Radix FZC
technology,GA,unrestricted,Donuts
temasek,NA,brand,Temasek Holdings (Private) Limited
tennis,GA,unrestricted,Donuts
teva,NA,brand,Teva Pharmaceutical Industries Limited
thd,NA,brand,"Home Depot Product Authority, LLC"
theater,GA,unrestricted,Donuts
theatre,GA,unrestricted,XYZ.COM LLC
tiaa,NA,brand,Teachers Insurance and Annuity Association of America
tickets,GA,semi-restricted,XYZ.COM LLC
tienda,GA,unrestricted,Donuts
tips,GA,unrestricted,Donuts
tires,GA,unrestricted,Donuts
tirol,GA,semi-restricted,punkt Tirol GmbH
tjmaxx,NA,brand,"The TJX Companies, Inc."
tjx,NA,brand,"The TJX Companies, Inc."
tkmaxx,NA,brand,"The TJX Companies, Inc."
tmall,NA,brand,Alibaba Group Holding Ltd. (Alibaba Group Holding Ltd.)
today,GA,unrestricted,Donuts
tokyo,GA,unrestricted,"GMO Registry, Inc."
tools,GA,unrestricted,Donuts
top,GA,unrestricted,"Jiangsu Bangning Science & Technology Co.,Ltd."
toray,NA,brand,"Toray Industries, Inc."
toshiba,NA,brand,TOSHIBA Corporation
total,NA,brand,Total SA
tours,GA,unrestricted,Donuts
town,GA,unrestricted,Donuts
toyota,NA,brand,TOYOTA MOTOR CORPORATION
toys,GA,unrestricted,Donuts
trade,GA,unrestricted,Global Registry Services Limited (Domain Venture Partners)
trading,GA,semi-restricted,Donuts
training,GA,unrestricted,Donuts
travelers,NA,brand,"Travelers TLD, LLC"
travelersinsurance,NA,brand,"Travelers TLD, LLC"
trust,GA,restricted,Internet Naming Co.
trv,NA,brand,"Travelers TLD, LLC"
tube,GA,unrestricted,Latin American Telecom LLC
tui,NA,brand,TUI AG
tunes,NA,unrestricted,Amazon
tushu,NA,unrestricted,Amazon
tvs,NA,brand,TV Sundram Iyengar & Sons Private Ltd.
ubank,NA,brand,National Australia Bank Limited
ubs,NA,brand,UBS AG
unicom,NA,brand,China United Network Communications Corp. Ltd.
university,GA,unrestricted,Donuts
uno,GA,unrestricted,Radix FZC
uol,NA,brand,UBN INTERNET LTDA.
ups,NA,brand,"UPS Market Driver, Inc."
vacations,GA,unrestricted,Donuts
vana,SR,brand,"Lifestyle Domain Holdings, Inc."
vanguard,NA,brand,"The Vanguard Group, Inc."
vegas,GA,unrestricted,"Dot Vegas, Inc."
ventures,GA,unrestricted,Donuts
verisign,NA,brand,"VeriSign, Inc."
versicherung,GA,restricted,TLD-BOX Registrydienstleistungen GmbH
vet,GA,semi-restricted,Donuts
viajes,GA,unrestricted,Donuts
video,GA,unrestricted,Donuts
vig,NA,brand,VIENNA INSURANCE GROUP AG
viking,NA,brand,Viking River Cruises (Bermuda) Ltd.
villas,GA,unrestricted,Donuts
vin,GA,unrestricted,Donuts
vip,GA,unrestricted,"Registry Services, LLC"
virgin,NA,brand,Virgin Enterprises Limited
visa,NA,brand,Visa Worldwide Pte. Limited
vision,GA,unrestricted,Donuts
viva,NA,brand,Saudi Telecom Company
vivo,NA,brand,Telefonica Brasil S.A.
vlaanderen,GA,unrestricted,DNS.be vzw
vodka,GA,unrestricted,"Registry Services, LLC"
volvo,NA,brand,Volvo Holding Sverige Aktiebolag
vote,GA,restricted,Donuts
voting,GA,unrestricted,Valuetainment Corp.
voto,GA,restricted,Donuts
voyage,GA,unrestricted,Donuts
wales,GA,unrestricted,Nominet UK
walmart,NA,brand,"Wal-Mart Stores, Inc."
walter,NA,brand,Sandvik AB
wang,GA,unrestricted,Zodiac Registry Limited (Zodiac Holdings Ltd.)
wanggou,NA,brand,Amazon
watch,GA,unrestricted,Donuts
watches,GA,brand,Donuts
weather,NA,brand,International Business Machines Corporation
weatherchannel,NA,brand,International Business Machines Corporation
webcam,GA,unrestricted,Global Registry Services Limited (Domain Venture Partners)
weber,NA,brand,Saint-Gobain Weber SA
website,GA,unrestricted,Radix FZC
wed,GA,unrestricted,Emergency Back-End Registry Operator Program - ICANN
wedding,GA,unrestricted,"Registry Services, LLC"
weibo,NA,brand,Sina Corporation
weir,NA,brand,Weir Group IP Limited
whoswho,GA,unrestricted,Who's Who Registry
wien,GA,semi-restricted,punkt.wien GmbH
wiki,GA,unrestricted,"Top Level Design, LLC"
williamhill,NA,brand,William Hill Organization Limited
win,GA,unrestricted,Global Registry Services Limited (Domain Venture Partners)
windows,NA,brand,Microsoft Corporation
wine,GA,unrestricted,Donuts
winners,NA,brand,"The TJX Companies, Inc."
wme,NA,brand,"William Morris Endeavor Entertainment, LLC"
wolterskluwer,NA,brand,Wolters Kluwer N.V.
woodside,NA,brand,Woodside Petroleum Limited
work,GA,unrestricted,"Registry Services, LLC"
works,GA,unrestricted,Donuts
world,GA,unrestricted,Donuts
wow,NA,unrestricted,Amazon
wtc,NA,brand,"World Trade Centers Association, Inc."
wtf,GA,unrestricted,Donuts
xbox,NA,brand,Microsoft Corporation
xerox,NA,brand,Xerox DNHC LLC
xfinity,NA,brand,"Comcast IP Holdings I, LLC"
xihuan,NA,brand,QIHOO 360 Technology Co. Ltd.
xin,GA,semi-restricted,Elegant Leader Limited (Alibaba Group Holding Ltd.)
xn--11b4c3d,NA,unrestricted,VeriSign Sarl
xn--1ck2e1b,GA,unrestricted,Amazon
xn--1qqw23a,GA,unrestricted,"Guangzhou YU Wei Information Technology Co., Ltd."
xn--30rr7y,NA,unrestricted,Excellent First Limited
xn--3bst00m,GA,unrestricted,Eagle Horizon Limited (Zodiac Holdings Ltd.)
xn--3ds443g,GA,unrestricted,TLD REGISTRY LIMITED
xn--3pxu8k,NA,unrestricted,VeriSign Sarl
xn--42c2d9a,NA,unrestricted,VeriSign Sarl
xn--45q11c,GA,unrestricted,Zodiac Scorpio Limited (Zodiac Holdings Ltd.)
xn--4gbrim,GA,unrestricted,Helium TLDs Ltd
xn--55qw42g,NA,restricted,China Organizational Name Administration Center
xn--55qx5d,GA,semi-restricted,Computer Network Information Center of Chinese Academy of Sciences China Internet Network Information Center
xn--5su34j936bgsg,NA,brand,Shangri‐La International Hotel Management Limited
xn--5tzm5g,GA,unrestricted,Global Website TLD Asia Limited
xn--6frz82g,GA,unrestricted,Donuts
xn--6qq986b3xl,GA,unrestricted,Tycoon Treasure Limited (Zodiac Holdings Ltd.)
xn--80adxhks,GA,unrestricted,Foundation for Assistance for Internet Technologies and Infrastructure Development (FAITID)
xn--80aqecdr1a,NA,brand,Pontificium Consilium de Comunicationibus Socialibus
xn--80asehdb,GA,unrestricted,CORE Association
xn--80aswg,GA,unrestricted,CORE Association
xn--8y0a063a,NA,brand,China United Network Communications Corp. Ltd.
xn--9dbq2a,GA,unrestricted,VeriSign Sarl
xn--9et52u,NA,unrestricted,RISE Victory Ltd.
xn--9krt00a,NA,brand,Sina Corporation
xn--b4w605ferd,NA,brand,Temasek Holdings (Private) Limited
xn--bck1b9a5dre4c,GA,unrestricted,Amazon
xn--c1avg,GA,unrestricted,Public Interest Registry (PIR)
xn--c2br7g,NA,unrestricted,VeriSign Sarl
xn--cck2b3b,GA,unrestricted,Amazon
xn--cckwcxetd,NA,brand,Amazon
xn--cg4bki,NA,brand,"SAMSUNG SDS CO., LTD"
xn--czr694b,GA,restricted,Internet DotTrademark Organisation Limited
xn--czrs0t,GA,unrestricted,Donuts
xn--czru2d,GA,unrestricted,Zodiac Aquarius Limited (Zodiac Holdings Ltd.)
xn--d1acj3b,GA,unrestricted,The Foundation for Network Initiatives “The Smart Internet”
xn--eckvdtc9d,NA,unrestricted,Amazon
xn--efvy88h,NA,unrestricted,"Guangzhou YU Wei Information and Technology Co.,Ltd"
xn--fct429k,GA,unrestricted,Amazon
xn--fhbei,NA,unrestricted,VeriSign Sarl
xn--fiq228c5hs,GA,unrestricted,TLD REGISTRY LIMITED
xn--fiq64b,NA,brand,CITIC Group Corporation
xn--fjq720a,GA,unrestricted,Donuts
xn--flw351e,NA,brand,Google
xn--fzys8d69uvgm,NA,brand,PCCW Enterprises Limited
xn--g2xx48c,GA,unrestricted,"Nawang Heli(Xiamen) Network Service Co., LTD."
xn--gckr3f0f,GA,unrestricted,Amazon
xn--gk3at1e,NA,unrestricted,Amazon
xn--hxt814e,GA,unrestricted,Zodiac Libra Limited (Zodiac Holdings Ltd.)
xn--i1b6b1a6a2e,GA,unrestricted,Public Interest Registry (PIR)
xn--imr513n,GA,restricted,Internet DotTrademark Organisation Limited
xn--io0a7i,GA,semi-restricted,Computer Network Information Center of Chinese Academy of Sciences China Internet Network Information Center
xn--j1aef,NA,unrestricted,VeriSign Sarl
xn--jlq480n2rg,NA,brand,Amazon
xn--jvr189m,GA,unrestricted,Amazon
xn--kcrx77d1x4a,NA,brand,Koninklijke Philips N.V.
xn--kput3i,GA,unrestricted,"Beijing RITT-Net Technology Development Co., Ltd"
xn--mgba3a3ejt,NA,brand,Aramco Services Company
xn--mgba7c0bbn0a,NA,brand,Crescent Holding GmbH
xn--mgbab2bd,GA,unrestricted,CORE Association
xn--mgbca7dzdo,GA,brand,Abu Dhabi Systems and Information Centre
xn--mgbi4ecexp,NA,brand,Pontificium Consilium de Comunicationibus Socialibus
xn--mgbt3dhd,NA,unrestricted,Asia Green IT System Bilgisayar San. ve Tic. Ltd. Sti.
xn--mk1bu44c,GA,unrestricted,VeriSign Sarl
xn--mxtq1m,NA,restricted,"Net-Chinese Co., Ltd."
xn--ngbc5azd,GA,unrestricted,International Domain Registry Pty. Ltd.
xn--ngbe9e0a,NA,brand,Kuwait Finance House
xn--ngbrx,NA,restricted,League of Arab States
xn--nqv7f,GA,unrestricted,Public Interest Registry (PIR)
xn--nqv7fs00ema,NA,unrestricted,Public Interest Registry (PIR)
xn--nyqy26a,GA,semi-restricted,Stable Tone Limited
xn--otu796d,GA,restricted,Dot Trademark TLD Holding Company Limited
xn--p1acf,GA,unrestricted,Rusnames Limited
xn--pssy2u,NA,unrestricted,VeriSign Sarl
xn--q9jyb4c,GA,unrestricted,Google
xn--qcka1pmc,NA,brand,Google
xn--rhqv96g,GA,unrestricted,Stable Tone Limited
xn--rovu88b,GA,unrestricted,Amazon
xn--ses554g,GA,semi-restricted,"KNET Co., Ltd."
xn--t60b56a,GA,unrestricted,VeriSign Sarl
xn--tckwe,GA,unrestricted,VeriSign Sarl
xn--tiq49xqyj,NA,brand,Pontificium Consilium de Comunicationibus Socialibus
xn--unup4y,GA,unrestricted,Donuts
xn--vermgensberater-ctb,NA,brand,Deutsche Vermögensberatung Aktiengesellschaft DVAG (Deutsche Vermögensberatung AG)
xn--vermgensberatung-pwb,NA,brand,Deutsche Vermögensberatung Aktiengesellschaft DVAG (Deutsche Vermögensberatung AG)
xn--vhquv,GA,unrestricted,Donuts
xn--vuq861b,GA,unrestricted,"Beijing Tele-info Network Technology Co., Ltd."
xn--w4r85el8fhu5dnra,NA,brand,Kerry Trading Co. Limited
xn--w4rs40l,NA,brand,Kerry Trading Co. Limited
xn--xhq521b,GA,unrestricted,"Guangzhou YU Wei Information Technology Co., Ltd."
xn--zfr164b,NA,brand,China Organizational Name Administration Center
xyz,GA,unrestricted,XYZ.COM LLC
yachts,GA,restricted,XYZ.COM LLC
yahoo,NA,brand,OATH Inc.
yamaxun,NA,unrestricted,Amazon
yandex,NA,brand,Yandex Europe B.V.
yodobashi,NA,brand,"YODOBASHI CAMERA CO.,LTD."
yoga,GA,unrestricted,"Registry Services, LLC"
yokohama,GA,unrestricted,"GMO Registry, Inc."
you,NA,unrestricted,Amazon
youtube,NA,brand,Google
yun,NA,brand,QIHOO 360 Technology Co. Ltd.
zappos,NA,brand,Amazon
zara,NA,brand,"Industria de Diseño Textil, S.A."
zero,NA,brand,Amazon
zip,GA,unrestricted,Google
zone,GA,unrestricted,Donuts
zuerich,GA,semi-restricted,Kanton Zürich
